hh_dd,hh_th,HouseholdID,CompoundID,neighbor,hh_gps,_hh_gps_latitude,_hh_gps_longitude,_hh_gps_altitude,_hh_gps_precision,hh_q1,hh_q2,hh_q3,hh_q4,hh_q5,hh_q6,hh_q7,hh_q8,hh_q9,hh_q10,hh_q11,hh_q12,hh_q13,hh_q14,hh_q15,hh_q16,hh_q17,hh_q17a,hh_q17b,hh_q17c,hh_q18/1,hh_q18/2,hh_q18/3,hh_q18/4,hh_q18/5,meta/instanceID,_uuid,_submission_time
11/2/2015,21:14:00.000-05,1,n/a,1,33.7972732 -84.323853 0.0 20.0,33.7972732,-84.323853,0,20,1,4,4,4,5,3,3,1,3,3,3,0,3,4,1,4,0,n/a,n/a,n/a,FALSE,FALSE,TRUE,FALSE,FALSE,uuid:76740738-f9df-4be7-b82c-7ac51311b13a,76740738-f9df-4be7-b82c-7ac51311b13a,2015-11-03T02:19:25
11/2/2015,22:30:00.000-05,2,n/a,1,33.7973137 -84.3238728 0.0 20.0,33.7973137,-84.3238728,0,20,1,3,3,3,4,3,3,3,2,1,1,1,4,4,3,3,0,n/a,n/a,n/a,FALSE,FALSE,TRUE,FALSE,FALSE,uuid:d14b4ce6-958e-4955-94dd-40997879fe73,d14b4ce6-958e-4955-94dd-40997879fe73,2015-11-03T03:32:11
11/2/2015,22:29:00.000-05,4,n/a,1,33.7973603 -84.3238555 0.0 20.0,33.7973603,-84.3238555,0,20,0,4,n/a,3,n/a,3,n/a,2,n/a,1,n/a,1,3,n/a,1,n/a,0,n/a,n/a,n/a,FALSE,FALSE,TRUE,FALSE,FALSE,uuid:c61efdb2-2beb-4387-8992-61f7425dbffc,c61efdb2-2beb-4387-8992-61f7425dbffc,2015-11-03T03:30:31
11/2/2015,22:26:00.000-05,8,n/a,1,33.7974993 -84.3239589 0.0 24.832,33.7974993,-84.3239589,0,24.832,0,3,n/a,4,n/a,2,n/a,3,n/a,4,n/a,0,4,n/a,4,n/a,0,n/a,n/a,n/a,FALSE,FALSE,TRUE,FALSE,FALSE,uuid:b027c9aa-6524-4e2d-b257-a52cd6dcef0d,b027c9aa-6524-4e2d-b257-a52cd6dcef0d,2015-11-03T03:27:41
11/2/2015,22:24:00.000-05,12,n/a,1,33.7974347 -84.3239552 0.0 20.0,33.7974347,-84.3239552,0,20,0,4,n/a,3,n/a,3,n/a,3,n/a,3,n/a,0,4,n/a,4,n/a,0,n/a,n/a,n/a,FALSE,FALSE,FALSE,FALSE,TRUE,uuid:5a8b9ac4-d21d-4dc2-9ac6-3775086f0fe1,5a8b9ac4-d21d-4dc2-9ac6-3775086f0fe1,2015-11-03T03:26:19
11/2/2015,22:39:00.000-05,15,n/a,1,33.7972416 -84.3239242 0.0 50.509,33.7972416,-84.3239242,0,50.509,0,3,n/a,4,n/a,4,n/a,3,n/a,1,n/a,0,4,n/a,4,n/a,1,1,1,1,TRUE,FALSE,FALSE,FALSE,FALSE,uuid:c7c8e40f-8643-42f1-aa37-ba456456a30f,c7c8e40f-8643-42f1-aa37-ba456456a30f,2015-11-03T03:42:02
11/2/2015,22:28:00.000-05,17,n/a,1,33.7974204 -84.3239257 0.0 20.0,33.7974204,-84.3239257,0,20,0,4,n/a,4,n/a,3,n/a,3,n/a,1,n/a,1,3,n/a,4,n/a,1,1,1,1,FALSE,TRUE,FALSE,FALSE,FALSE,uuid:b4e25533-f5df-489d-b8dd-01888bfd0804,b4e25533-f5df-489d-b8dd-01888bfd0804,2015-11-03T03:28:59
11/2/2015,22:21:00.000-05,21,n/a,1,33.7973915 -84.3239075 0.0 20.0,33.7973915,-84.3239075,0,20,1,3,5,4,5,3,3,4,3,4,4,0,4,2,4,3,1,1,1,1,FALSE,FALSE,TRUE,FALSE,FALSE,uuid:564f3bbc-1a93-4237-b6ea-b92982bad7a9,564f3bbc-1a93-4237-b6ea-b92982bad7a9,2015-11-03T03:24:23
11/2/2015,16:52:00.000-05,31,n/a,1,33.7969786 -84.3236162 0.0 56.452,33.7969786,-84.3236162,0,56.452,1,4,3,4,5,3,3,3,3,1,1,1,4,4,4,3,1,1,1,0,FALSE,FALSE,TRUE,FALSE,FALSE,uuid:128a0591-c087-4ca1-8656-9629c01a0320,128a0591-c087-4ca1-8656-9629c01a0320,2015-11-02T21:54:08
11/2/2015,16:56:00.000-05,32,n/a,1,33.7973051 -84.3238873 0.0 36.0,33.7973051,-84.3238873,0,36,0,3,n/a,4,n/a,3,n/a,2,n/a,1,n/a,1,3,n/a,4,n/a,1,1,1,0,TRUE,FALSE,FALSE,FALSE,FALSE,uuid:99880d5a-fca6-4ff5-a28e-b190031a58dc,99880d5a-fca6-4ff5-a28e-b190031a58dc,2015-11-02T21:57:27
11/2/2015,16:57:00.000-05,33,n/a,1,33.7973256 -84.3239353 0.0 20.0,33.7973256,-84.3239353,0,20,0,3,n/a,4,n/a,3,n/a,1,n/a,1,n/a,0,3,n/a,4,n/a,0,n/a,n/a,n/a,FALSE,TRUE,FALSE,FALSE,FALSE,uuid:e1e4b343-4c1f-4fb7-9d55-9eae9722fddc,e1e4b343-4c1f-4fb7-9d55-9eae9722fddc,2015-11-02T22:00:22
11/2/2015,21:21:00.000-05,38,n/a,1,33.7974203 -84.3238736 0.0 20.0,33.7974203,-84.3238736,0,20,0,3,n/a,3,n/a,3,n/a,4,n/a,1,n/a,1,4,n/a,4,n/a,0,n/a,n/a,n/a,FALSE,FALSE,TRUE,FALSE,TRUE,uuid:f2d35b96-4185-4728-963f-0ca4e8e0a1d4,f2d35b96-4185-4728-963f-0ca4e8e0a1d4,2015-11-03T02:25:38
11/2/2015,21:19:00.000-05,39,n/a,1,33.7973436 -84.3239386 0.0 20.745,33.7973436,-84.3239386,0,20.745,1,3,4,4,5,3,3,3,3,4,4,0,3,3,3,4,1,1,1,1,FALSE,FALSE,TRUE,FALSE,FALSE,uuid:f8507035-8151-4bbd-8761-f14937ff9a6c,f8507035-8151-4bbd-8761-f14937ff9a6c,2015-11-03T02:21:59
11/2/2015,17:01:00.000-05,40,n/a,1,33.7974586 -84.3239297 0.0 20.0,33.7974586,-84.3239297,0,20,1,3,5,4,5,2,1,3,3,3,3,0,3,2,3,4,0,n/a,n/a,n/a,FALSE,FALSE,TRUE,FALSE,FALSE,uuid:1372e115-72cf-48e8-8864-2fc8a1f23148,1372e115-72cf-48e8-8864-2fc8a1f23148,2015-11-02T22:05:44
11/2/2015,17:06:00.000-05,41,n/a,1,33.796969 -84.3235867 0.0 58.054,33.796969,-84.3235867,0,58.054,0,4,n/a,3,n/a,2,n/a,4,n/a,4,n/a,0,3,n/a,4,n/a,0,n/a,n/a,n/a,FALSE,FALSE,TRUE,FALSE,FALSE,uuid:95a2f75d-ab88-4b87-9c1a-9ab5b3230ac9,95a2f75d-ab88-4b87-9c1a-9ab5b3230ac9,2015-11-03T02:08:11
11/2/2015,21:07:00.000-05,42,n/a,1,33.7974575 -84.3239593 0.0 22.858,33.7974575,-84.3239593,0,22.858,0,3,n/a,3,n/a,2,n/a,2,n/a,4,n/a,0,3,n/a,4,n/a,0,n/a,n/a,n/a,FALSE,FALSE,TRUE,FALSE,FALSE,uuid:38fad756-96cf-4ddf-b5e2-bf8e55134c0d,38fad756-96cf-4ddf-b5e2-bf8e55134c0d,2015-11-03T02:09:48
11/2/2015,22:42:00.000-05,43,n/a,1,33.7973653 -84.3238521 0.0 54.727,33.7973653,-84.3238521,0,54.727,1,4,4,4,5,3,3,3,3,2,1,0,3,4,4,4,0,n/a,n/a,n/a,FALSE,FALSE,TRUE,FALSE,FALSE,uuid:1f5d0057-c201-45f9-8cf3-db58001d3041,1f5d0057-c201-45f9-8cf3-db58001d3041,2015-11-03T03:44:12
11/2/2015,22:47:00.000-05,44,n/a,1,33.7973079 -84.3239035 0.0 27.0,33.7973079,-84.3239035,0,27,1,3,5,3,4,3,3,3,3,4,4,0,3,4,4,4,0,n/a,n/a,n/a,FALSE,TRUE,FALSE,FALSE,FALSE,uuid:0c9e0493-390b-4493-bc95-fd8ecb8a3579,0c9e0493-390b-4493-bc95-fd8ecb8a3579,2015-11-03T03:49:01
11/2/2015,21:09:00.000-05,45,n/a,1,33.7972888 -84.323914 0.0 30.0,33.7972888,-84.323914,0,30,1,3,5,4,5,4,3,3,3,3,1,0,4,4,4,4,0,n/a,n/a,n/a,FALSE,FALSE,TRUE,FALSE,FALSE,uuid:c81facc2-a150-4404-8ee0-52823031e07f,c81facc2-a150-4404-8ee0-52823031e07f,2015-11-03T02:12:24
11/2/2015,21:11:00.000-05,46,n/a,1,33.7973236 -84.3239337 0.0 20.0,33.7973236,-84.3239337,0,20,1,4,5,3,5,3,2,2,3,5,3,0,3,4,4,4,0,n/a,n/a,n/a,FALSE,FALSE,TRUE,FALSE,FALSE,uuid:ab57d072-8f18-4693-acdc-29229607690c,ab57d072-8f18-4693-acdc-29229607690c,2015-11-03T02:15:45
11/2/2015,22:44:00.000-05,48,n/a,1,33.7972221 -84.3238287 0.0 43.748,33.7972221,-84.3238287,0,43.748,1,3,5,2,4,3,3,3,3,3,3,0,3,3,4,4,0,n/a,n/a,n/a,FALSE,FALSE,TRUE,FALSE,FALSE,uuid:0ce26b43-26dd-4a0e-8bb3-f1626fc45d9d,0ce26b43-26dd-4a0e-8bb3-f1626fc45d9d,2015-11-03T03:45:54
11/2/2015,22:46:00.000-05,49,n/a,1,33.7975843 -84.3239873 0.0 30.0,33.7975843,-84.3239873,0,30,1,4,5,4,4,4,4,4,4,4,4,0,3,2,4,4,0,n/a,n/a,n/a,FALSE,TRUE,FALSE,FALSE,FALSE,uuid:5f5f6753-b106-49d5-90f2-2b92466f4b4c,5f5f6753-b106-49d5-90f2-2b92466f4b4c,2015-11-03T03:47:31
11/2/2015,21:12:00.000-05,51,n/a,1,33.7972745 -84.3238893 0.0 50.467,33.7972745,-84.3238893,0,50.467,1,4,2,4,5,4,4,3,4,3,4,0,3,4,1,4,0,n/a,n/a,n/a,FALSE,FALSE,TRUE,FALSE,FALSE,uuid:9bedc51f-cce7-4cd4-b6fa-8cd72627dd83,9bedc51f-cce7-4cd4-b6fa-8cd72627dd83,2015-11-03T02:16:30
11/2/2015,21:23:00.000-05,70,n/a,1,33.7973195 -84.3238602 0.0 30.0,33.7973195,-84.3238602,0,30,0,3,n/a,4,n/a,4,n/a,4,n/a,1,n/a,1,4,n/a,4,n/a,0,n/a,n/a,n/a,FALSE,FALSE,TRUE,FALSE,FALSE,uuid:3ea928ac-1539-429a-92cc-21278730761c,3ea928ac-1539-429a-92cc-21278730761c,2015-11-03T02:31:43
11/2/2015,21:26:00.000-05,71,n/a,1,33.7973759 -84.3238628 0.0 56.007,33.7973759,-84.3238628,0,56.007,1,3,5,3,4,3,4,4,5,1,1,0,3,3,3,4,0,n/a,n/a,n/a,TRUE,FALSE,FALSE,FALSE,FALSE,uuid:ec30110c-8bdf-4903-9678-79e5987268bd,ec30110c-8bdf-4903-9678-79e5987268bd,2015-11-03T02:34:17
11/2/2015,21:28:00.000-05,72,n/a,1,33.7972576 -84.3238531 0.0 47.37,33.7972576,-84.3238531,0,47.37,1,3,4,3,5,3,4,2,4,1,1,0,3,3,4,3,0,n/a,n/a,n/a,FALSE,FALSE,TRUE,FALSE,FALSE,uuid:ab87d004-c663-47fa-b0f5-e420dcfddcef,ab87d004-c663-47fa-b0f5-e420dcfddcef,2015-11-03T02:37:15
11/2/2015,21:31:00.000-05,72,n/a,1,33.7973101 -84.3238404 0.0 20.0,33.7973101,-84.3238404,0,20,1,4,4,3,5,3,3,2,4,1,1,0,3,3,4,3,0,n/a,n/a,n/a,FALSE,FALSE,TRUE,FALSE,FALSE,uuid:1108ee8a-2918-4319-93a9-d4267117bded,1108ee8a-2918-4319-93a9-d4267117bded,2015-11-03T02:37:16
11/2/2015,21:33:00.000-05,74,n/a,1,33.7971475 -84.3237538 0.0 54.0,33.7971475,-84.3237538,0,54,1,3,5,4,5,3,3,3,3,1,1,0,4,4,4,4,0,n/a,n/a,n/a,FALSE,FALSE,TRUE,FALSE,FALSE,uuid:a0087d1c-f1a7-48a2-b399-f7922f724f9f,a0087d1c-f1a7-48a2-b399-f7922f724f9f,2015-11-03T02:37:55
11/2/2015,21:35:00.000-05,74,n/a,1,33.7972188 -84.3238097 0.0 30.0,33.7972188,-84.3238097,0,30,1,3,2,3,5,3,3,3,3,1,1,0,4,4,4,4,0,n/a,n/a,n/a,FALSE,FALSE,TRUE,FALSE,FALSE,uuid:acdedf33-c354-4b5c-8498-7ce7c79abc57,acdedf33-c354-4b5c-8498-7ce7c79abc57,2015-11-03T02:40:43
11/2/2015,16:42:00.000-05,78,n/a,1,33.7971554 -84.3237383 0.0 34.447,33.7971554,-84.3237383,0,34.447,0,3,n/a,3,n/a,1,n/a,1,n/a,1,n/a,0,3,n/a,2,n/a,0,n/a,n/a,n/a,FALSE,FALSE,TRUE,FALSE,FALSE,uuid:01209f69-6aa7-4079-864a-1e91c0fde0d5,01209f69-6aa7-4079-864a-1e91c0fde0d5,2015-11-02T21:45:40
11/2/2015,21:37:00.000-05,80,n/a,1,33.7972699 -84.3240155 0.0 25.0,33.7972699,-84.3240155,0,25,0,4,n/a,3,n/a,3,n/a,4,n/a,1,n/a,0,4,n/a,3,n/a,0,n/a,n/a,n/a,FALSE,FALSE,TRUE,FALSE,FALSE,uuid:1bdedeab-028b-4528-af4d-f761d1b28080,1bdedeab-028b-4528-af4d-f761d1b28080,2015-11-03T02:41:30
11/2/2015,21:39:00.000-05,81,n/a,1,33.7969215 -84.3236446 0.0 67.5,33.7969215,-84.3236446,0,67.5,0,3,n/a,3,n/a,4,n/a,3,n/a,1,n/a,0,4,n/a,3,n/a,0,n/a,n/a,n/a,FALSE,FALSE,TRUE,FALSE,FALSE,uuid:039402e8-c29f-4d9c-abb5-7469e3d0ad7c,039402e8-c29f-4d9c-abb5-7469e3d0ad7c,2015-11-03T02:47:11
11/2/2015,21:43:00.000-05,82,n/a,1,33.7974495 -84.323939 0.0 30.0,33.7974495,-84.323939,0,30,0,4,n/a,4,n/a,4,n/a,4,n/a,1,n/a,0,3,n/a,4,n/a,0,n/a,n/a,n/a,FALSE,FALSE,TRUE,FALSE,FALSE,uuid:22aea123-639d-4d9f-a176-dd3c4e4e9e92,22aea123-639d-4d9f-a176-dd3c4e4e9e92,2015-11-03T02:48:00
11/2/2015,22:32:00.000-05,84,n/a,1,33.7973892 -84.3238645 0.0 48.299,33.7973892,-84.3238645,0,48.299,1,3,3,3,5,3,3,3,2,1,1,0,3,1,3,4,1,1,1,3,FALSE,FALSE,TRUE,FALSE,FALSE,uuid:d3ab62f3-06ca-47b3-990c-c8c9f5e2e545,d3ab62f3-06ca-47b3-990c-c8c9f5e2e545,2015-11-03T03:33:51
11/2/2015,22:34:00.000-05,85,n/a,1,33.7974838 -84.3239186 0.0 102.0,33.7974838,-84.3239186,0,102,1,4,5,3,4,2,3,2,3,1,1,0,3,3,3,4,1,1,1,1,FALSE,FALSE,TRUE,FALSE,FALSE,uuid:b4dd8f2b-6eb9-44c4-8325-b1b5cb46913e,b4dd8f2b-6eb9-44c4-8325-b1b5cb46913e,2015-11-03T03:35:43
11/2/2015,22:36:00.000-05,86,n/a,1,33.7973409 -84.3238856 0.0 20.0,33.7973409,-84.3238856,0,20,0,3,n/a,4,n/a,3,n/a,3,n/a,1,n/a,0,4,n/a,1,n/a,1,1,1,1,FALSE,FALSE,TRUE,FALSE,FALSE,uuid:1be18796-47c6-44c0-ad69-178b57527a02,1be18796-47c6-44c0-ad69-178b57527a02,2015-11-03T03:38:58
11/2/2015,21:45:00.000-05,87,n/a,1,33.7972758 -84.323833 0.0 20.0,33.7972758,-84.323833,0,20,0,3,n/a,4,n/a,3,n/a,1,n/a,1,n/a,0,3,n/a,1,n/a,1,1,1,1,FALSE,FALSE,TRUE,FALSE,FALSE,uuid:71c7dc8b-6751-4c3f-8b28-74ed9abad21a,71c7dc8b-6751-4c3f-8b28-74ed9abad21a,2015-11-03T02:51:07
11/2/2015,21:50:00.000-05,88,n/a,1,33.7973912 -84.3239103 0.0 20.0,33.7973912,-84.3239103,0,20,1,3,5,4,5,3,4,2,4,1,1,1,3,2,3,3,1,1,1,2,FALSE,FALSE,TRUE,FALSE,FALSE,uuid:a1bbc3bf-7aca-48ff-999c-2740b9fa24c1,a1bbc3bf-7aca-48ff-999c-2740b9fa24c1,2015-11-03T02:53:22
11/2/2015,21:52:00.000-05,89,n/a,1,33.7973137 -84.3239781 0.0 20.0,33.7973137,-84.3239781,0,20,1,3,3,4,4,3,3,1,3,1,1,0,4,4,3,4,0,n/a,n/a,n/a,FALSE,FALSE,TRUE,FALSE,FALSE,uuid:d57251f7-0ae8-4f3c-b733-98b05ad6b12a,d57251f7-0ae8-4f3c-b733-98b05ad6b12a,2015-11-03T02:55:22
11/2/2015,22:03:00.000-05,90,n/a,1,33.7972706 -84.3238903 0.0 50.277,33.7972706,-84.3238903,0,50.277,1,2,3,3,3,2,1,3,3,1,1,0,4,4,1,4,0,n/a,n/a,n/a,FALSE,FALSE,TRUE,FALSE,FALSE,uuid:f4c94d9d-d7bb-4bb8-9a18-edc2ae46492a,f4c94d9d-d7bb-4bb8-9a18-edc2ae46492a,2015-11-03T03:06:00
11/2/2015,22:06:00.000-05,91,n/a,1,33.797496 -84.3239606 0.0 69.406,33.797496,-84.3239606,0,69.406,1,3,5,4,4,3,1,1,1,1,1,0,3,4,4,3,1,1,1,3,FALSE,TRUE,FALSE,FALSE,FALSE,uuid:4202be1f-0533-49d9-8a40-1edfe2742b78,4202be1f-0533-49d9-8a40-1edfe2742b78,2015-11-03T03:08:29
11/2/2015,22:08:00.000-05,92,n/a,1,33.7972791 -84.3238252 0.0 47.301,33.7972791,-84.3238252,0,47.301,1,3,5,3,5,3,3,1,1,1,1,0,4,1,3,4,1,1,1,1,FALSE,FALSE,TRUE,FALSE,FALSE,uuid:1c2f2b79-2276-4661-9fb5-156a0699bdec,1c2f2b79-2276-4661-9fb5-156a0699bdec,2015-11-03T03:11:01
11/2/2015,22:11:00.000-05,93,n/a,1,33.7975879 -84.323976 0.0 27.0,33.7975879,-84.323976,0,27,1,3,5,2,4,3,3,1,1,1,1,0,3,3,1,5,0,n/a,n/a,n/a,FALSE,TRUE,FALSE,FALSE,FALSE,uuid:39354006-83b0-4fd9-b14d-0649136f5c96,39354006-83b0-4fd9-b14d-0649136f5c96,2015-11-03T03:13:01
11/2/2015,22:13:00.000-05,94,n/a,1,33.7973185 -84.3238472 0.0 20.0,33.7973185,-84.3238472,0,20,1,3,3,4,5,1,2,2,3,1,1,0,3,3,1,3,0,n/a,n/a,n/a,FALSE,FALSE,TRUE,FALSE,FALSE,uuid:4399ef20-9aa8-49e5-bae6-377bf76e0582,4399ef20-9aa8-49e5-bae6-377bf76e0582,2015-11-03T03:14:48
11/2/2015,22:15:00.000-05,95,n/a,1,33.7973124 -84.3238777 0.0 20.0,33.7973124,-84.3238777,0,20,1,3,4,4,4,1,1,1,1,1,1,0,3,1,1,4,0,n/a,n/a,n/a,FALSE,FALSE,TRUE,FALSE,FALSE,uuid:5e0a7937-e76c-401c-92a1-0940c80e25f7,5e0a7937-e76c-401c-92a1-0940c80e25f7,2015-11-03T03:18:30
11/2/2015,22:19:00.000-05,96,n/a,1,33.7974237 -84.3239225 0.0 20.0,33.7974237,-84.3239225,0,20,1,3,5,4,5,3,3,3,2,1,1,1,3,2,4,4,1,1,1,0,TRUE,FALSE,FALSE,FALSE,FALSE,uuid:c2744f14-af47-4378-9489-a347768d9f6b,c2744f14-af47-4378-9489-a347768d9f6b,2015-11-03T03:21:19
11/2/2015,16:11:00.000-05,97,n/a,1,33.7974237 -84.3239225 0.0 20.0,33.7974237,-84.3239225,0,20,0,3,n/a,3,n/a,3,n/a,1,n/a,1,n/a,1,4,n/a,1,n/a,0,n/a,n/a,n/a,FALSE,FALSE,TRUE,FALSE,FALSE,uuid:a9b84797-c1b4-4477-81b2-a933f74886c2,a9b84797-c1b4-4477-81b2-a933f74886c2,2015-11-02T21:21:53
11/2/2015,16:22:00.000-05,98,n/a,1,33.7972813 -84.3237984 0.0 33.0,33.7972813,-84.3237984,0,33,1,4,5,4,4,1,1,2,4,1,1,0,4,1,1,3,0,n/a,n/a,n/a,FALSE,FALSE,TRUE,FALSE,FALSE,uuid:ff62b61e-adaa-42a7-bf08-9c7cb8af31d3,ff62b61e-adaa-42a7-bf08-9c7cb8af31d3,2015-11-02T21:24:51
11/2/2015,16:28:00.000-05,99,n/a,1,33.7970192 -84.3236086 0.0 53.109,33.7970192,-84.3236086,0,53.109,1,4,4,4,3,3,2,1,1,1,1,0,4,3,1,3,1,1,1,1,FALSE,FALSE,TRUE,FALSE,FALSE,uuid:e4867e15-23f5-434e-b564-1ce1c6c3983f,e4867e15-23f5-434e-b564-1ce1c6c3983f,2015-11-02T21:33:40
11/2/2015,16:34:00.000-05,100,n/a,1,33.7972678 -84.3238905 0.0 50.113,33.7972678,-84.3238905,0,50.113,1,4,5,4,4,3,3,1,3,1,2,1,2,1,3,4,0,n/a,n/a,n/a,FALSE,FALSE,TRUE,FALSE,FALSE,uuid:99e177be-ed3b-4574-88ff-ea07936bc978,99e177be-ed3b-4574-88ff-ea07936bc978,2015-11-02T21:42:19
11/3/2015,07:53:00.000-05,11,n/a,2,33.7975299 -84.3240044 0.0 20.0,33.7975299,-84.3240044,0,20,1,4,5,4,5,4,4,4,4,1,1,1,4,4,4,5,1,1,1,0,FALSE,FALSE,TRUE,FALSE,FALSE,uuid:800b2758-7620-47a5-9ea3-064e9ad7f523,800b2758-7620-47a5-9ea3-064e9ad7f523,2015-11-03T12:54:53
11/3/2015,07:55:00.000-05,12,n/a,2,33.7974841 -84.323993 0.0 20.0,33.7974841,-84.323993,0,20,0,4,n/a,4,n/a,4,n/a,3,n/a,1,n/a,1,4,n/a,3,n/a,1,1,1,0,FALSE,FALSE,TRUE,FALSE,FALSE,uuid:fa670a5d-b886-42e6-9e4a-fbdc421ab9b5,fa670a5d-b886-42e6-9e4a-fbdc421ab9b5,2015-11-03T12:56:08
11/3/2015,07:56:00.000-05,13,n/a,2,33.7972471 -84.3240704 0.0 30.0,33.7972471,-84.3240704,0,30,1,4,5,4,5,4,4,4,4,4,4,1,4,4,3,5,1,1,1,0,FALSE,TRUE,FALSE,FALSE,FALSE,uuid:dd5a5313-91ba-4d07-97a8-b3d94980b4b7,dd5a5313-91ba-4d07-97a8-b3d94980b4b7,2015-11-03T12:57:27
11/3/2015,07:57:00.000-05,14,n/a,2,33.7972484 -84.3240617 0.0 32.714,33.7972484,-84.3240617,0,32.714,1,3,5,4,5,4,5,3,3,1,1,1,3,4,4,5,1,1,1,2,FALSE,TRUE,FALSE,FALSE,FALSE,uuid:00e5b5d7-7e5f-40d4-a3b7-4a82ba22ea45,00e5b5d7-7e5f-40d4-a3b7-4a82ba22ea45,2015-11-03T12:58:44
11/3/2015,07:58:00.000-05,15,n/a,2,33.7972633 -84.3240419 0.0 30.77,33.7972633,-84.3240419,0,30.77,1,4,4,4,5,4,5,4,4,4,4,1,3,4,4,1,1,1,1,0,FALSE,TRUE,TRUE,FALSE,FALSE,uuid:3aa833ec-8861-43e0-beb2-2c0f0e0c275b,3aa833ec-8861-43e0-beb2-2c0f0e0c275b,2015-11-03T13:00:03
11/2/2015,23:35:00.000-05,21,n/a,2,33.7974706 -84.3239465 0.0 20.087,33.7974706,-84.3239465,0,20.087,1,4,3,3,5,4,3,3,1,1,1,0,3,3,3,4,1,1,1,2,FALSE,FALSE,TRUE,FALSE,FALSE,uuid:5b3d2620-7e26-4c14-b7c5-a919e7982b13,5b3d2620-7e26-4c14-b7c5-a919e7982b13,2015-11-03T04:38:07
11/2/2015,23:40:00.000-05,22,n/a,2,33.7973008 -84.3238346 0.0 35.094,33.7973008,-84.3238346,0,35.094,1,3,4,3,4,3,1,3,3,1,1,0,3,3,3,3,1,1,1,0,FALSE,FALSE,TRUE,FALSE,FALSE,uuid:9a4fc321-d1eb-4098-8766-2fbcf68c3cca,9a4fc321-d1eb-4098-8766-2fbcf68c3cca,2015-11-03T04:42:39
11/2/2015,23:43:00.000-05,23,n/a,2,33.7974607 -84.3239869 0.0 20.0,33.7974607,-84.3239869,0,20,0,3,n/a,3,n/a,4,n/a,1,n/a,1,n/a,0,4,n/a,3,n/a,1,1,1,3,FALSE,FALSE,TRUE,FALSE,FALSE,uuid:604150c5-e52f-456b-88f5-1762fab58c94,604150c5-e52f-456b-88f5-1762fab58c94,2015-11-03T04:46:35
11/2/2015,23:47:00.000-05,24,n/a,2,33.7972507 -84.3238425 0.0 46.34,33.7972507,-84.3238425,0,46.34,0,4,n/a,3,n/a,3,n/a,1,n/a,1,n/a,0,4,n/a,4,n/a,1,1,1,1,FALSE,TRUE,FALSE,FALSE,FALSE,uuid:c23779ba-0e97-456e-af15-f0c607786c56,c23779ba-0e97-456e-af15-f0c607786c56,2015-11-03T04:48:57
11/2/2015,23:49:00.000-05,25,n/a,2,33.7972406 -84.3238235 0.0 23.665,33.7972406,-84.3238235,0,23.665,0,4,n/a,4,n/a,3,n/a,1,n/a,4,n/a,0,4,n/a,3,n/a,1,1,1,0,FALSE,FALSE,TRUE,FALSE,FALSE,uuid:8639d551-d384-4ee3-97c8-688bb891b671,8639d551-d384-4ee3-97c8-688bb891b671,2015-11-03T04:51:59
11/2/2015,23:33:00.000-05,31,n/a,2,33.7973747 -84.3239937 0.0 20.0,33.7973747,-84.3239937,0,20,0,3,n/a,3,n/a,3,n/a,1,n/a,1,n/a,1,3,n/a,1,n/a,0,n/a,n/a,n/a,FALSE,FALSE,TRUE,FALSE,FALSE,uuid:e9651135-e6b1-48f7-8be6-b58c7a71324d,e9651135-e6b1-48f7-8be6-b58c7a71324d,2015-11-03T04:35:01
11/2/2015,22:52:00.000-05,32,n/a,2,33.7973883 -84.3239179 0.0 20.0,33.7973883,-84.3239179,0,20,1,4,4,3,5,4,4,4,4,1,1,1,4,4,4,3,1,1,1,0,FALSE,TRUE,FALSE,FALSE,FALSE,uuid:e58d5bf2-4af5-426c-89b4-71dcd7496ac1,e58d5bf2-4af5-426c-89b4-71dcd7496ac1,2015-11-03T03:53:45
11/2/2015,23:01:00.000-05,33,n/a,2,33.7973694 -84.3238844 0.0 56.593,33.7973694,-84.3238844,0,56.593,0,4,n/a,4,n/a,4,n/a,4,n/a,1,n/a,1,3,n/a,3,n/a,0,n/a,n/a,n/a,FALSE,FALSE,TRUE,FALSE,TRUE,uuid:e923e83b-864f-49ad-b067-3074c14ee680,e923e83b-864f-49ad-b067-3074c14ee680,2015-11-03T04:03:12
11/2/2015,23:03:00.000-05,34,n/a,2,33.7974546 -84.3240533 0.0 27.0,33.7974546,-84.3240533,0,27,1,4,3,3,5,4,4,4,4,1,1,1,3,4,3,3,1,1,1,0,FALSE,FALSE,FALSE,FALSE,TRUE,uuid:51092411-92c6-453c-bf0d-abc9df1dc5f1,51092411-92c6-453c-bf0d-abc9df1dc5f1,2015-11-03T04:05:24
11/2/2015,23:05:00.000-05,35,n/a,2,33.7974853 -84.3240676 0.0 28.0,33.7974853,-84.3240676,0,28,1,3,4,4,5,4,5,3,3,1,1,1,4,4,3,4,1,1,1,0,FALSE,FALSE,FALSE,FALSE,TRUE,uuid:5a1b5def-853b-4a86-9478-5d9601098d90,5a1b5def-853b-4a86-9478-5d9601098d90,2015-11-03T04:07:19
11/2/2015,23:07:00.000-05,36,n/a,2,33.7973137 -84.3238846 0.0 52.764,33.7973137,-84.3238846,0,52.764,1,3,5,4,5,4,5,4,4,1,1,1,4,3,4,3,1,1,1,0,FALSE,FALSE,TRUE,FALSE,FALSE,uuid:5df3fd66-e979-4c7c-a8bb-4b05552d85f1,5df3fd66-e979-4c7c-a8bb-4b05552d85f1,2015-11-03T04:08:55
11/2/2015,23:18:00.000-05,37,n/a,2,33.797145 -84.3237483 0.0 34.376,33.797145,-84.3237483,0,34.376,0,4,n/a,4,n/a,4,n/a,4,n/a,1,n/a,1,4,n/a,4,n/a,0,n/a,n/a,n/a,FALSE,FALSE,TRUE,FALSE,FALSE,uuid:72ab9ae7-92f6-488c-b7b4-15e9ca6c766c,72ab9ae7-92f6-488c-b7b4-15e9ca6c766c,2015-11-03T04:19:46
11/2/2015,23:17:00.000-05,38,n/a,2,33.7974891 -84.3239915 0.0 25.112,33.7974891,-84.3239915,0,25.112,0,4,n/a,4,n/a,4,n/a,4,n/a,1,n/a,0,3,n/a,4,n/a,1,1,1,1,FALSE,TRUE,FALSE,FALSE,FALSE,uuid:f6e8291d-16a1-49ff-836c-920fe83c5759,f6e8291d-16a1-49ff-836c-920fe83c5759,2015-11-03T04:18:33
11/2/2015,23:20:00.000-05,40,n/a,2,33.7974331 -84.3239553 0.0 20.0,33.7974331,-84.3239553,0,20,1,3,4,3,5,3,3,4,3,1,1,1,4,3,3,3,1,1,1,0,FALSE,TRUE,FALSE,FALSE,FALSE,uuid:63694ff3-2022-42df-bf31-29a4ca12351d,63694ff3-2022-42df-bf31-29a4ca12351d,2015-11-03T04:21:25
11/2/2015,23:21:00.000-05,41,n/a,2,33.7975181 -84.3239573 0.0 33.0,33.7975181,-84.3239573,0,33,1,3,5,4,5,3,3,3,3,1,1,1,3,3,3,3,1,1,1,0,FALSE,FALSE,TRUE,FALSE,FALSE,uuid:07b4bd1b-36bd-4aed-b63c-0448d5631e7c,07b4bd1b-36bd-4aed-b63c-0448d5631e7c,2015-11-03T04:23:26
11/2/2015,23:23:00.000-05,42,n/a,2,33.7973674 -84.3238809 0.0 20.0,33.7973674,-84.3238809,0,20,1,4,4,4,5,1,1,4,4,4,4,1,4,4,3,4,1,1,1,0,FALSE,FALSE,FALSE,FALSE,TRUE,uuid:efd45c2e-fc9f-41ad-b393-912872a3831e,efd45c2e-fc9f-41ad-b393-912872a3831e,2015-11-03T04:24:58
11/2/2015,23:25:00.000-05,43,n/a,2,33.7972861 -84.3238498 0.0 41.031,33.7972861,-84.3238498,0,41.031,1,3,5,3,2,3,2,3,3,5,5,0,4,3,3,3,0,n/a,n/a,n/a,FALSE,TRUE,FALSE,FALSE,FALSE,uuid:11e4de01-7b60-4c1a-b0b5-c9810d6309c8,11e4de01-7b60-4c1a-b0b5-c9810d6309c8,2015-11-03T04:26:56
11/2/2015,23:27:00.000-05,44,n/a,2,33.797248 -84.3238274 0.0 78.0,33.797248,-84.3238274,0,78,1,3,5,4,5,3,3,3,3,1,1,0,4,4,3,3,1,1,1,0,FALSE,TRUE,FALSE,FALSE,FALSE,uuid:ff0dae39-09e6-4550-8e26-ee24f0708c25,ff0dae39-09e6-4550-8e26-ee24f0708c25,2015-11-03T04:28:41
11/2/2015,23:29:00.000-05,45,n/a,2,33.7973366 -84.3238939 0.0 46.615,33.7973366,-84.3238939,0,46.615,0,4,n/a,3,n/a,3,n/a,3,n/a,1,n/a,1,2,n/a,3,n/a,1,1,1,0,FALSE,FALSE,TRUE,FALSE,FALSE,uuid:d714cdda-13a0-4d74-8584-64353b05e3d6,d714cdda-13a0-4d74-8584-64353b05e3d6,2015-11-03T04:30:28
11/2/2015,23:30:00.000-05,46,n/a,2,33.7975506 -84.3239988 0.0 23.188,33.7975506,-84.3239988,0,23.188,0,4,n/a,3,n/a,4,n/a,4,n/a,1,n/a,1,4,n/a,4,n/a,1,1,1,0,FALSE,FALSE,TRUE,FALSE,FALSE,uuid:a122227b-5a4d-4967-a862-e01603f4487e,a122227b-5a4d-4967-a862-e01603f4487e,2015-11-03T04:32:18
11/2/2015,23:52:00.000-05,51,n/a,2,33.7969928 -84.3236382 0.0 123.0,33.7969928,-84.3236382,0,123,1,3,5,4,5,3,2,1,1,1,1,1,4,2,3,4,1,0,0,0,FALSE,FALSE,TRUE,FALSE,FALSE,uuid:6920eaa4-af53-4f28-8fc4-b5a464708006,6920eaa4-af53-4f28-8fc4-b5a464708006,2015-11-03T04:54:07
11/2/2015,23:54:00.000-05,52,n/a,2,33.7972924 -84.32385 0.0 49.501,33.7972924,-84.32385,0,49.501,1,4,5,4,4,1,1,1,1,1,1,0,4,4,2,3,0,n/a,n/a,n/a,FALSE,FALSE,TRUE,FALSE,FALSE,uuid:62fe759a-045e-437e-9f72-98b69225709c,62fe759a-045e-437e-9f72-98b69225709c,2015-11-03T04:55:48
11/2/2015,23:57:00.000-05,53,n/a,2,33.7972402 -84.3238023 0.0 43.468,33.7972402,-84.3238023,0,43.468,1,3,5,4,5,3,3,3,2,4,4,1,3,2,1,3,0,n/a,n/a,n/a,FALSE,FALSE,TRUE,FALSE,FALSE,uuid:f1aec004-9d10-4ffb-891b-6dcf14bc1e97,f1aec004-9d10-4ffb-891b-6dcf14bc1e97,2015-11-03T04:58:32
11/2/2015,23:58:00.000-05,54,n/a,2,33.7973304 -84.3238392 0.0 51.591,33.7973304,-84.3238392,0,51.591,0,3,n/a,4,n/a,2,n/a,2,n/a,1,n/a,1,3,n/a,3,n/a,0,n/a,n/a,n/a,FALSE,FALSE,TRUE,FALSE,FALSE,uuid:bd167c6d-bb63-4296-84c4-19638a5e3ab2,bd167c6d-bb63-4296-84c4-19638a5e3ab2,2015-11-03T04:59:57
11/3/2015,00:08:00.000-05,72,n/a,2,33.7975102 -84.3239298 0.0 28.0,33.7975102,-84.3239298,0,28,1,4,5,4,5,4,3,4,4,1,1,0,4,4,4,4,1,1,1,2,FALSE,TRUE,FALSE,FALSE,FALSE,uuid:2e9726bf-a445-400a-bda9-c2300ad9c659,2e9726bf-a445-400a-bda9-c2300ad9c659,2015-11-03T05:09:40
11/3/2015,00:10:00.000-05,73,n/a,2,33.7972982 -84.3238517 0.0 49.984,33.7972982,-84.3238517,0,49.984,0,4,n/a,4,n/a,4,n/a,4,n/a,1,n/a,0,3,n/a,4,n/a,1,1,1,2,FALSE,TRUE,FALSE,FALSE,FALSE,uuid:d5d66f7c-0dda-40be-8f26-b33ff3d53ab2,d5d66f7c-0dda-40be-8f26-b33ff3d53ab2,2015-11-03T05:12:09
11/3/2015,07:22:00.000-05,74,n/a,2,33.7973296 -84.3238968 0.0 20.0,33.7973296,-84.3238968,0,20,1,3,4,3,4,4,5,4,4,1,1,0,4,4,4,5,1,1,1,0,FALSE,TRUE,FALSE,FALSE,FALSE,uuid:1da23da4-a927-4b56-981e-b923d572db49,1da23da4-a927-4b56-981e-b923d572db49,2015-11-03T12:26:23
11/3/2015,07:26:00.000-05,75,n/a,2,33.7973478 -84.3239486 0.0 58.467,33.7973478,-84.3239486,0,58.467,0,3,n/a,4,n/a,4,n/a,4,n/a,1,n/a,1,4,n/a,3,n/a,1,1,1,0,FALSE,TRUE,FALSE,FALSE,FALSE,uuid:9c9ad496-2d0b-47fc-94a8-ef403bf7c049,9c9ad496-2d0b-47fc-94a8-ef403bf7c049,2015-11-03T12:28:09
11/3/2015,07:28:00.000-05,76,n/a,2,33.797252 -84.3237984 0.0 40.5,33.797252,-84.3237984,0,40.5,1,4,4,3,5,4,4,4,5,1,1,0,4,1,4,1,1,1,1,0,FALSE,TRUE,TRUE,FALSE,FALSE,uuid:5df70e82-b095-4c0e-a7a6-876f9e839297,5df70e82-b095-4c0e-a7a6-876f9e839297,2015-11-03T12:30:25
11/3/2015,07:31:00.000-05,77,n/a,2,33.7972865 -84.3240017 0.0 20.0,33.7972865,-84.3240017,0,20,1,4,5,3,3,3,4,3,3,1,1,1,3,3,3,3,1,1,1,0,FALSE,TRUE,FALSE,FALSE,FALSE,uuid:2291de18-c7de-4891-a8ec-b95b7def6ea1,2291de18-c7de-4891-a8ec-b95b7def6ea1,2015-11-03T12:32:34
11/3/2015,07:33:00.000-05,78,n/a,2,33.7972018 -84.3238593 0.0 44.306,33.7972018,-84.3238593,0,44.306,1,4,5,3,5,4,4,4,4,1,1,1,4,4,4,4,1,1,1,0,FALSE,FALSE,TRUE,FALSE,FALSE,uuid:d20d3e2c-90a2-4bb7-8aff-d8bba58a2488,d20d3e2c-90a2-4bb7-8aff-d8bba58a2488,2015-11-03T12:34:18
11/3/2015,07:35:00.000-05,79,n/a,2,33.7973781 -84.3238492 0.0 25.0,33.7973781,-84.3238492,0,25,1,4,4,4,5,4,4,4,4,1,1,1,4,4,4,4,1,1,1,0,FALSE,FALSE,TRUE,FALSE,FALSE,uuid:e4c1bd6e-581c-463d-9dba-84387d43cab7,e4c1bd6e-581c-463d-9dba-84387d43cab7,2015-11-03T12:36:41
11/3/2015,07:37:00.000-05,79,n/a,2,33.7972457 -84.3238842 0.0 31.656,33.7972457,-84.3238842,0,31.656,1,4,4,4,4,4,3,4,4,1,1,1,4,4,4,3,1,1,1,0,FALSE,TRUE,FALSE,FALSE,FALSE,uuid:862fda71-62ec-45b7-8277-20858c9177ad,862fda71-62ec-45b7-8277-20858c9177ad,2015-11-03T12:38:52
11/3/2015,07:39:00.000-05,80,n/a,2,33.7973417 -84.323896 0.0 55.256,33.7973417,-84.323896,0,55.256,1,4,5,4,5,4,3,3,4,1,1,1,4,4,2,3,1,1,1,0,FALSE,TRUE,FALSE,FALSE,FALSE,uuid:2f03262a-e20d-441d-b1f2-900500e7e1c6,2f03262a-e20d-441d-b1f2-900500e7e1c6,2015-11-03T12:40:26
11/3/2015,07:41:00.000-05,81,n/a,2,33.7973893 -84.323848 0.0 23.0,33.7973893,-84.323848,0,23,0,4,n/a,3,n/a,4,n/a,3,n/a,1,n/a,1,4,n/a,4,n/a,1,1,1,0,FALSE,TRUE,FALSE,FALSE,FALSE,uuid:0d0327b4-e48d-4c80-a739-824028bef466,0d0327b4-e48d-4c80-a739-824028bef466,2015-11-03T12:42:26
11/3/2015,07:42:00.000-05,89,n/a,2,33.7973674 -84.3239013 0.0 20.0,33.7973674,-84.3239013,0,20,1,4,5,4,4,4,3,4,4,1,1,1,3,4,3,1,1,1,1,0,FALSE,FALSE,TRUE,FALSE,FALSE,uuid:4df87bf0-acc9-44ef-a86a-3eae27315557,4df87bf0-acc9-44ef-a86a-3eae27315557,2015-11-03T12:44:03
11/3/2015,07:44:00.000-05,90,n/a,2,33.7975041 -84.3239639 0.0 70.155,33.7975041,-84.3239639,0,70.155,0,4,n/a,3,n/a,4,n/a,4,n/a,1,n/a,1,4,n/a,3,n/a,1,1,1,0,FALSE,FALSE,TRUE,FALSE,FALSE,uuid:7741cc7d-385a-4062-8db6-971b91f67038,7741cc7d-385a-4062-8db6-971b91f67038,2015-11-03T12:45:58
11/3/2015,07:46:00.000-05,91,n/a,2,33.7974542 -84.3239972 0.0 59.796,33.7974542,-84.3239972,0,59.796,1,3,5,4,5,3,4,4,4,1,1,1,3,4,3,1,1,1,1,0,FALSE,TRUE,FALSE,FALSE,FALSE,uuid:56fcb72f-2c1d-4cc1-8320-9c71208ae530,56fcb72f-2c1d-4cc1-8320-9c71208ae530,2015-11-03T12:47:52
11/3/2015,07:48:00.000-05,92,n/a,2,33.7971949 -84.3241084 0.0 60.16,33.7971949,-84.3241084,0,60.16,0,4,n/a,3,n/a,4,n/a,3,n/a,1,n/a,1,4,n/a,4,n/a,1,1,1,0,FALSE,FALSE,TRUE,FALSE,FALSE,uuid:070424f7-a1da-4f5c-bc81-c11617e4f876,070424f7-a1da-4f5c-bc81-c11617e4f876,2015-11-03T12:49:50
11/3/2015,07:50:00.000-05,93,n/a,2,33.7972331 -84.3240583 0.0 58.519,33.7972331,-84.3240583,0,58.519,0,4,n/a,4,n/a,4,n/a,4,n/a,4,n/a,1,4,n/a,3,n/a,1,1,1,0,FALSE,TRUE,FALSE,FALSE,FALSE,uuid:2826e378-1a37-4a00-b472-6a2bc5e8a097,2826e378-1a37-4a00-b472-6a2bc5e8a097,2015-11-03T12:51:02
11/3/2015,07:51:00.000-05,94,n/a,2,33.7973389 -84.3239146 0.0 56.046,33.7973389,-84.3239146,0,56.046,0,3,n/a,4,n/a,4,n/a,4,n/a,1,n/a,1,4,n/a,4,n/a,0,n/a,n/a,n/a,FALSE,TRUE,FALSE,FALSE,FALSE,uuid:4a149caf-295f-43fc-8bb0-657517b6abd6,4a149caf-295f-43fc-8bb0-657517b6abd6,2015-11-03T12:52:07
11/3/2015,07:52:00.000-05,95,n/a,2,33.7973405 -84.3239296 0.0 56.957,33.7973405,-84.3239296,0,56.957,1,4,5,4,4,4,4,4,4,1,1,0,4,4,4,1,1,1,1,2,FALSE,FALSE,TRUE,FALSE,FALSE,uuid:f475a904-0278-4101-a788-cd1017225670,f475a904-0278-4101-a788-cd1017225670,2015-11-03T12:53:26
11/3/2015,00:01:00.000-05,98,n/a,2,33.7973204 -84.3238499 0.0 20.0,33.7973204,-84.3238499,0,20,1,4,5,4,5,3,3,1,1,1,1,0,3,3,3,3,1,1,1,1,FALSE,FALSE,TRUE,FALSE,FALSE,uuid:e83a2550-cb6d-48a6-9418-72a9dd3ecb45,e83a2550-cb6d-48a6-9418-72a9dd3ecb45,2015-11-03T05:03:10
11/3/2015,00:04:00.000-05,99,n/a,2,33.7972646 -84.323802 0.0 24.0,33.7972646,-84.323802,0,24,1,3,4,4,5,3,2,1,1,1,1,1,3,3,3,3,1,1,1,1,FALSE,FALSE,TRUE,FALSE,FALSE,uuid:a7fe1ec6-026c-495d-8aec-b90eee78250a,a7fe1ec6-026c-495d-8aec-b90eee78250a,2015-11-03T05:05:43
11/3/2015,00:06:00.000-05,100,n/a,2,33.7973282 -84.3239735 0.0 20.0,33.7973282,-84.3239735,0,20,1,4,5,4,5,3,1,3,1,1,1,1,4,3,4,3,0,n/a,n/a,n/a,FALSE,TRUE,FALSE,FALSE,FALSE,uuid:107b64a9-16d2-4c3b-bfa8-7aa4b2efb14d,107b64a9-16d2-4c3b-bfa8-7aa4b2efb14d,2015-11-03T05:07:36
